{
  "max_speed": 0.9139165515868783,
  "min_speed": -0.1,
  "max_yaw_rate": 1.2,
  "max_accel": 0.558363856417886,
  "max_delta_yaw_rate": 1.5,
  "v_resolution": 0.02,
  "yaw_rate_resolution": 0.05,
  "dt": 0.1,
  "predict_time": 2.73700514679195,
  "to_goal_cost_gain": 0.31848970970430235,
  "speed_cost_gain": 1.7420021874515992,
  "obstacle_cost_gain": 2.4079091105004107,
  "robot_radius": 0.25,
  "obstacle_clearance": 0.05,
  "stuck_vel_threshold": 0.05,
  "stuck_time_limit": 3.0
}